{"name":"Calculite","short_name":"Calculite","description":"A lightweight Material You themed calculator.","start_url":"/","display":"standalone","background_color":"#f4fbf8","theme_color":"#006a60","lang":"en","scope":"/","icons":[{"src":"calculite_logo.png","sizes":"500x500","type":"image/png","purpose":"any"},{"src":"calculite_logo.png","sizes":"500x500","type":"image/png","purpose":"maskable"},{"src":"calculite_logo_mono.png","sizes":"500x500","type":"image/png","purpose":"monochrome"}],"screenshots":[{"src":"screenshots/desktop_preview_1.png","sizes":"1920x1128","form_factor":"wide","platform":"windows","label":"Standard calculator view on desktop"},{"src":"screenshots/desktop_preview_2.png","sizes":"1920x1128","form_factor":"wide","label":"Scientific calculator view with memory box on desktop"},{"src":"screenshots/desktop_preview_3.png","sizes":"1920x1128","form_factor":"wide","label":"Unit conversion view on desktop"},{"src":"screenshots/mobile_preview_1.png","sizes":"1080x2400","form_factor":"narrow","label":"Standard calculator view on mobile"},{"src":"screenshots/mobile_preview_2.png","sizes":"1080x2400","form_factor":"narrow","label":"Scientific calculator view with memory box on mobile"},{"src":"screenshots/mobile_preview_3.png","sizes":"1080x2400","form_factor":"narrow","label":"Unit conversion view on mobile"}]}